temperatura,vibracion,tiempo_operacion,presion,fallo
287.27005942368123,8.702658576772393,40.93645469887248,117.2702994208898,0
575.3571532049581,15.838018947567162,39.75830392575999,129.66813971913723,0
465.99697090570254,22.458916717528165,92.50036644168293,75.0467898792499,0
399.3292420985183,19.644497728191226,39.96369598796049,112.48740996069989,0
178.00932022121827,21.131222957228996,41.75597809029048,107.17459831437486,0
177.99726016810132,18.175667334214346,80.7518609934371,133.2830376788271,0
129.04180608409973,18.84553129035705,55.9791873960432,140.60870604812607,0
533.0880728874677,21.983913031306386,82.1368445564145,51.21567714773868,0
400.5575058716044,9.99336017718372,25.229292605150818,117.40199190587927,0
454.03628889802275,14.78849927286281,59.005695493870746,55.1835799119729,0
110.29224714790122,9.424188836392045,22.68908801466261,104.88586650773559,0
584.9549260809972,24.75336015993294,25.01225627642836,78.76327290436782,0
516.2213204002109,23.881186793732265,92.51499626755287,80.67765995221413,0
206.16955533913807,5.788536227370118,31.139629689407613,85.29585034523566,0
190.9124836035503,19.11150345031377,62.593654582017365,112.12924490496101,0
191.7022549267169,23.504966348313317,52.887648208056525,83.40499656687692,0
252.12112147976887,8.61150690254667,47.78746610070741,123.26990505902803,0
362.37821581611894,16.358904611052587,91.9866676549818,90.45273855738697,0
315.9725093210579,23.309765951760838,21.74587174203916,56.83532003099586,0
245.61457009902097,5.678919571715976,73.10317489404713,128.37598424841073,0
405.92644736118973,18.9484053449368,97.07155473708403,78.5758324592706,0
169.7469303260209,10.946980147451015,64.81345467694736,93.27668795992626,0
246.07232426760908,23.487923907530607,94.94579696264735,118.54438832219016,0
283.18092164684583,24.421164903307357,24.1806303428819,83.2456157148712,0
328.03499210851794,23.885329782268677,53.50346552593291,55.65856561467156,0
492.5879806965068,14.484284333149276,40.81262327696409,87.39210470128137,0
199.83689107917985,22.240853019786268,78.46567719845838,144.44485826943034,0
357.1172192068058,21.890987970701406,98.50376723977973,114.17343972985582,0
396.2072844310212,11.382009464865114,40.52240499553982,117.1479148667207,0
123.22520635999886,21.57830948301355,72.33396811792596,113.22821536376398,0
403.7724259507192,5.740152694309852,35.847810620779214,69.89921389594367,0
185.26206184364577,16.92539756964106,65.22642036572879,91.83338641022802,0
132.52579649263976,9.60017674575406,57.114598935066894,125.09397983633183,0
574.4427686266666,7.411337715545576,97.76042637052296,60.13728975531592,1
582.8160165372797,6.539064032584183,68.68218181571733,77.78527760897123,0
504.19867405823055,18.925775517562794,47.960509766945506,77.63191084658536,1
252.30688458668536,11.797499275361323,29.12766279103467,93.2018927594506,1
148.83605700319194,19.49533543057523,32.09974629879476,148.0368740942185,0
442.11651325607846,6.307126815978847,38.025354396098805,56.7502546683822,0
320.0762468698007,11.305806756612206,40.07733290722384,101.8700994380595,0
161.0191174223894,15.789825847506744,88.04928462729103,67.93646820122105,0
347.5884550556351,20.814463296779273,64.89782306260199,147.06765454097442,0
117.1942605576092,11.3750500586414,61.87127290994931,61.33035047274642,0
554.660201039391,17.51782752874018,29.181509749537398,90.36010023615913,0
229.38999080000846,22.71955496472374,88.8111754679548,123.78849848346061,0
431.261142176991,17.31726376364609,77.8251442566787,120.45544280274453,0
255.85553804470547,9.659189495072676,25.413468952000127,92.27286368939323,0
360.0340105889054,5.488015631130761,76.62680777838149,84.65241679527182,0
373.35513967163985,22.401977478018598,63.483057387411684,89.76123785528705,0
192.42722776276352,5.425388217007743,26.538027659742262,76.42762631586393,0
584.7923138822794,22.49403345368399,56.664051322292515,70.53329387067998,1
487.5664116805573,15.57874268054424,58.775702970403756,98.303969755889,0
569.7494707820945,23.781353970257925,33.26196321306206,76.85337560676074,0
547.4136752138245,20.975664715473307,95.65585176002259,78.74616648972501,0
398.94998940554257,24.95868221066675,87.99802971845295,115.67560634745571,0
560.9371175115584,12.014236309034203,73.52178698632866,146.85373316998923,0
144.24625102595974,20.34376577862254,56.98364488004857,110.3637200559375,0
197.9914312095726,13.038618272184843,52.941243326760684,57.69794670649663,0
122.61364445526903,14.597512406078177,72.07787737207633,57.5583613854067,0
262.66516538163216,17.5501092643674,63.634549552552436,145.1423220845566,1
294.338644844741,22.473542283726776,24.98184847055085,79.72907903073336,0
235.67451588694794,24.681669383985902,61.000211901626535,59.20669860824754,0
514.3687545759647,20.365468277290365,84.51228937862716,109.90445871503815,0
278.37666334679466,13.355335643346676,56.73919020775664,112.36487782902661,0
240.46725484369037,13.427140045541403,24.156526204341475,114.85048201186882,0
371.34804157912424,19.75164603177783,82.90225595072265,76.74020278575412,0
170.46211248738132,9.775542915366046,36.10910257087795,51.511068421447504,0
501.09849037701986,7.209482262627893,40.6896667910431,146.50153694544719,1
137.2753218398854,12.09244315281553,33.17650827458367,75.08930456911025,0
593.4434683002587,10.744779833081635,46.4172051897198,117.60262880525475,0
486.1223846483287,10.9261624091198,80.5401204550908,120.66298698787095,0
199.3578407670862,9.672155020998199,61.550868760314984,111.00074170794858,0
102.7610585618012,5.841863792727238,36.390501932057006,81.29073942136482,0
507.7307142274171,5.357478694668276,90.22640625216327,77.10962537640657,0
453.42867192380857,24.75444779472063,90.36654839612234,109.76682827027031,0
464.50358402049363,13.555462674717248,89.64627400368056,136.60956336116914,0
485.63517334297285,12.686532943193633,39.10369691052314,144.67337289233956,0
137.0223258670452,18.5929456538614,56.099147534479044,60.59058044037576,0
279.23286427213634,9.365077757301282,98.79917249127001,65.48286125977198,0
157.93452976256486,23.99922367900451,81.76099810479923,144.47362587830798,0
531.5517129377968,20.726900288311043,22.173393698044784,123.65352283347926,0
411.64906341377895,6.78822004624519,25.216367300839366,138.2993824829773,0
265.4490124263246,13.351615515698567,57.114510144986625,70.26326341353432,0
131.77917514301183,22.582366151243292,92.73761646892481,108.75858711094018,0
255.4911608578311,23.894640445828205,63.09614383621714,120.11395944174737,0
262.5916610133735,14.348030224997395,59.82500064274322,118.01118854469726,0
464.80308916903203,17.268227784214154,28.437895996530447,90.81516908666981,0
418.77873567760656,8.340678921841505,72.54240837794353,51.539489169130846,0
543.6063712881632,24.823372522739533,85.76825284801804,108.2926056804263,0
336.10746258097464,9.633434027668867,50.43360060060499,75.31015391796087,0
159.79712296915085,23.854635482702513,82.0489480740262,95.02542461428904,0
456.6223936114975,17.992932979847367,97.15813231206494,145.75810150838174,0
480.39252430844874,17.154735897577183,36.30131673021513,89.90353176424347,0
380.6385987847481,15.253770220330171,61.866370495579304,133.98016066644266,1
485.4835899772805,9.613396234355173,42.971036646766045,68.85406057492511,0
346.8977981821954,8.530560640110165,83.42835352270714,117.24604980250288,0
361.36641469099703,9.409724181403508,66.2074692704926,147.70069544389435,0
313.7705091792748,8.72876524288509,70.76659340402429,60.18931008729368,0
112.7095633720476,20.591689471335066,83.83313276927153,50.8319942227192,0
153.94571349665222,12.002505183334602,51.677637812996394,93.35827926326144,0
115.71459284336713,6.156853531267927,93.20720547256346,59.26254830513672,0
418.2052056318902,24.382052602816227,62.6423093796912,124.83843496762313,0
257.17799053816333,22.675717699268514,32.63638582682784,141.4548663848559,0
354.2853455823514,23.55504566390426,75.67192945350419,93.40209727087588,0
553.7832369630465,24.898156452928706,83.46090803506036,75.8711642155441,0
224.6461145744375,8.477904984389745,45.34093416540213,93.44033190066098,0
305.1914615178149,12.924840378053176,88.57434055990024,122.3447817850001,1
477.7755692715243,20.164769514081826,92.4914603812613,50.9054161580371,0
214.39908274581123,18.920412361075844,42.15235899022471,108.94539894846972,0
138.4899549143965,8.077918126797101,98.68171781721776,111.3291684887379,0
244.87572645688402,21.316662499812356,31.256922243900675,113.76882468959354,0
180.61064362700222,9.488811436733213,36.1612534721992,74.20220799808772,0
564.8488261712865,9.476352296452461,34.73798713904209,121.40527233781268,0
504.06018978220845,15.739488457868271,91.51917680062964,59.13914863317764,0
416.70187825521174,16.858798696834064,72.34340418599695,69.92703364668009,0
535.7302950938588,16.601724156756223,32.16834265778183,137.74700466544817,0
501.83603844955724,6.829736747955097,55.22587346946792,123.87231507265663,1
193.28502944301792,22.54921725260761,69.22384200558416,51.37455540113452,0
546.2794992449889,10.31200085177412,26.677126799150663,74.83762603698003,0
369.67112095782534,7.5902984256560835,90.5933094725871,71.44064829931645,0
503.72007758203125,22.774961597379544,84.28828283532282,77.08063280369726,0
548.0456499617467,24.113029964595068,60.41654188613106,74.75597702798865,0
259.0017374859319,22.24255234530901,97.37012922073363,56.252629574284576,0
155.02596226383838,21.19032149449756,53.420878342007974,95.89405165968203,1
213.96758127097084,18.104839612780435,98.72882552291982,123.27334747861651,0
313.5538943131281,16.017147412182787,73.43359990429016,110.67317247174364,0
509.00738296124655,6.739735198228203,70.77370186031531,117.28716685980798,0
530.3652916281717,13.169064261413974,33.2763916236628,58.114917853623915,1
103.47606526559535,12.45377034024628,90.55422066437151,145.14907101767872,0
355.37365128878287,10.195075675206525,54.19917503364921,133.84918338430248,0
308.7055015743895,19.468402273771698,32.97867246259835,130.50903184956627,0
211.0539052353651,14.917514701575417,21.00860159806072,132.29838050417675,0
159.9326836668414,6.620924318152959,64.7804546910706,143.27105081327613,0
268.807585701814,9.403664038996226,62.19196976981411,104.42539661136976,0
571.4548519562595,18.66517527319192,77.54828978953269,70.0282017867626,0
261.60146601037764,6.522617189806004,91.22064424142417,111.67836078525411,0
359.395310871683,22.024138280975375,26.352526771442363,124.2881493667939,0
451.50947944758894,14.902930540279486,78.51971922722899,123.79173933540254,0
281.814801189647,14.61173154653296,34.99295552780658,102.14490241668801,0
585.8910413604804,16.84815569319035,88.65416425257311,56.845871933357806,0
581.2236474710556,21.493619318502983,85.52508110893248,87.11129384301279,0
225.89114791268207,11.956184158043861,63.26350039884355,142.07666084633573,0
348.6242529461927,18.56032305118127,76.81942388986492,108.4448909757426,0
250.43915490838484,16.314639279915824,45.14800905469987,103.83319432557134,0
242.4202471887338,10.340565403388426,57.69343191462517,76.88535143821935,1
118.4434736772664,22.57259972710316,85.73095181683773,86.84489199165789,0
404.78216698994845,20.94852043213856,56.741215773857114,139.53460891531694,0
351.33951161443076,18.169036693168508,48.623861226035345,116.64630475268358,0
125.73937562499468,22.011634581884838,59.53699578002399,128.7387026752333,0
239.32323211830573,22.34588401919605,86.25994019497747,95.43454230676551,0
554.1329429833269,19.167259534300698,46.81664378966982,113.0247219456158,0
219.78094533348622,21.74026656727344,33.900927450859506,74.83836087432076,0
172.44743604561154,18.949429233385672,76.96112162646246,120.54608302834863,0
344.7263801387815,18.602815435206008,86.07825701664655,92.76013337033373,0
592.8252270553003,17.372227564303685,28.050998281882666,94.25455148147455,0
221.02763575575023,20.054332791152824,39.189929020475574,114.93223245768817,0
436.0677737029393,8.172102105861473,31.357759180879512,143.62806214689266,0
480.8098076643588,22.61741518397857,47.83531292657333,56.400634660862096,0
218.8187719961998,22.43687055490464,56.02807831243301,132.47432373470076,1
464.10817430592977,5.584945660691183,79.90610695706451,79.2383110412193,0
283.8915663596266,21.516335011295254,72.09180679053392,94.39194545063779,0
416.15291529678973,7.577397349468904,69.67428539827449,52.1913328775009,0
416.76485538044733,11.702377085182839,48.18999572877235,80.1046077834313,0
367.88734203737926,19.870165125832155,87.3158042467808,100.26312426301305,0
145.14488502720417,8.215197920966164,57.70297339185316,55.6176077347439,0
517.6512477946189,21.359340482381242,98.32839504121236,99.10957293831652,0
260.3900324858679,21.64268355915484,70.73137106365894,142.71106288584275,0
193.2592551999271,15.149354675216724,30.101179325160217,60.53932181078052,0
120.38757077738197,5.127717434336672,74.09420496603472,126.44407280755044,0
395.4464715941209,10.740762663498256,46.00832123453592,90.96710533759926,0
438.7821809211412,17.338538367514843,74.9061757348878,115.5173714524338,0
108.29391446392808,24.62372356054847,25.57129185299246,76.02365979852294,1
356.0465291496405,17.636270540333367,33.99051497407675,65.94922625413582,0
213.247887598969,10.196071621283195,88.4589807124629,66.04626142712264,0
422.5863952047249,17.680114061992228,38.17436456188119,57.04919456431446,0
187.18321450249573,15.799707594317109,86.9632900194352,68.5646704901243,1
445.46886905123296,20.596907903022874,42.34208707635283,116.42193849889682,0
293.36767315026873,7.139612776539169,71.43055280469662,138.16906118435082,0
568.3649943683672,20.22055805004056,75.53204588078648,131.41256855911618,0
168.7604720729966,15.825331573522206,61.012380251604235,118.51343098744842,0
270.53317552512925,24.25984007717989,44.4248541357385,61.04318634111027,0
156.73676062029455,11.837443320773723,37.01155010968769,78.91874462959498,0
562.3468091392814,17.652437862678962,22.655148364994098,80.98068753224689,0
538.6696766904905,23.64056211020035,44.31571209925791,74.99569463976212,0
228.9708138575778,7.050194559813585,72.25302324250265,101.5005659709723,0
429.99202301708954,23.744569744729024,95.06438547587861,103.55538148796725,0
508.6111001006079,18.757714446016266,89.69635858104417,85.68859751711102,0
377.60040579973116,6.356741182103438,81.28518212282421,85.37891587364359,0
364.82528917800323,11.019271338936324,83.0757874602639,132.85555979060814,0
220.92614545022585,19.16344177290563,73.19879227807962,128.92928483196857,0
146.5513839029496,6.347012029375434,40.82294860528024,80.77958316807457,0
548.6078789766634,16.643409203525465,92.57560245646638,141.37884438732593,0
550.2090285816653,11.917661139059135,73.65858495246673,145.2815017002506,0
416.55072863663395,17.41831035534954,64.8352504784352,82.67425420300408,0
269.5148955243503,5.9148406762502574,28.879157537078484,85.44249487930549,0
274.6047873063304,22.430736123047524,55.764443504514034,100.56341534219588,0
462.9778394351197,24.469779383547937,56.8286616961541,144.11208125336736,0
548.5551299762885,24.37755710571383,89.16508876181359,137.63194331423114,0
543.5432121325587,19.993036634858495,63.731857615023074,60.25679625835898,0
489.9377729288119,7.601724802612639,50.43204391763277,89.27307432714161,0
421.01582307714386,20.16526391858045,98.14402628085274,105.33711897497719,0
142.06998249752442,5.49173832917603,28.857647466105256,100.31324725515401,0
180.81435704730688,5.442471030579945,53.80387426495557,69.38630679368927,0
549.2770942635395,11.472204382990824,23.361974013712423,135.88167711681547,1
403.21452982979497,14.772863808093316,79.19232966135442,117.69407829968374,0
104.59852580831482,20.408148356155863,93.44612417593206,133.79083748518036,0
150.73577143301605,18.665907532130106,42.40298636403915,135.87642793494723,0
431.7508845540279,13.918054127534967,88.66733414392966,124.83558536657398,0
102.53079192310935,10.472533325633318,43.37745843695182,93.92106012497173,0
180.40402570874932,24.942490003154223,92.86161293151322,111.05467550154245,0
374.3668946832931,13.523626044719459,80.31695228774271,66.03654061197432,0
445.94759884634664,14.02774048659351,84.39254214731508,117.36454174749078,0
425.9806297513003,8.272476423833384,21.44052444803636,67.92532557392808,0
212.1346547302799,20.89619097499859,97.02482856592208,119.39495905101568,0
456.08961067376794,18.87364451562977,78.13367936562585,72.95981607539687,0
218.62454374840001,9.415392255775208,44.380087630890664,61.755130015022,0
262.69984907963385,6.647620912316854,86.35157318870776,66.52844901429575,0
473.24570255901205,18.60998604149426,42.521695873194396,50.199213521907026,0
424.81644952360733,18.090224285622703,89.82030716529023,121.87396178535302,0
524.611705247089,10.465190539964187,29.00643123295496,123.24010490583791,0
428.80644615017167,24.017271245008207,76.29487819686366,101.49333499132595,0
384.1543016677358,8.021157835618006,63.25587813159282,66.13628010553836,0
146.83738391404623,13.646696020852039,27.722757615635267,58.35543375106897,0
283.85790152971674,23.872318403351976,39.35150626070712,51.9128966437287,0
232.60118384086272,13.394546338522446,20.992322902185183,66.57481769652208,0
221.9948216895418,17.77051895328171,57.50143723716047,139.08555349831465,0
586.5052773762228,12.951887959255885,44.10122086080003,74.15368417016818,0
296.5488623333802,10.484304046973401,67.86859874382071,85.42713272172156,0
546.0232775885567,24.679552959196563,43.77902461668938,60.53454844813332,0
415.56931299863146,13.18668012630086,43.993528920558774,72.23613047481703,0
497.4056517708242,22.88198407358269,79.45545589852827,101.92245707802051,0
351.31854655259605,9.599092117821723,23.851426878268278,110.77526830956526,0
388.45194231317953,9.262094080501665,92.23159961535897,74.5352314166211,0
346.25884690943195,5.622681657690228,88.18110995129452,55.773215922511724,1
197.62149389902225,18.033336507517703,73.42437465811253,89.10328691273986,0
461.2260576307527,12.370526874475223,67.45772560859075,73.42033709263342,0
240.3861812204279,22.28716499679274,91.38419985117218,71.9553923229802,0
112.15798321572692,14.464198133831143,34.82641436229716,145.98628027134552,0
422.7361479535839,24.363868558294435,26.31753297526629,111.63004859257241,0
188.55533970352445,8.710510314062423,39.16081359276305,105.6878443172096,0
570.2292921764572,22.372463359112217,83.56626229601522,91.57751035233218,0
576.9642885012937,20.531937055834835,22.773621338118666,92.89443334301443,0
557.4321951102243,20.41843689288104,66.62454680667918,104.09050038380809,0
285.0793501277222,21.895664562337753,99.63500129530479,119.64298070361072,0
107.72830826443371,20.220479818859978,88.45568750700315,120.21460961818295,0
564.1592812938627,17.524406432628307,61.71565512348715,67.16939077054496,1
314.09207415865717,7.6248975536477515,25.091272742931388,100.01127520766269,0
583.3274095218349,5.650523589825038,86.50988115085678,91.1958095034102,0
581.8099885446264,23.416956956313737,67.91828065417684,137.05269662693843,0
526.50472773368,17.33300629041476,29.19463976476535,113.14189212183764,1
247.22444603479283,20.930745819523526,27.508582785868498,103.25040664159818,0
292.54886430096263,14.630447030251002,92.7701455549274,61.539464217891734,0
525.5683357584285,7.34616377924789,73.53602103504628,110.56378893234114,0
258.46100257813885,7.503715844051008,86.34294394534044,61.72039056802334,0
184.74637334304623,18.711305744579427,90.31831202258138,83.7206575565752,0
378.4006312291751,13.606117897989254,65.74178816386578,64.28419648143318,0
568.0773870803905,9.010494534006735,61.3957081404033,119.20736470243689,1
448.0148983374865,14.831890934828738,54.43419282567922,70.62521138361527,0
385.0305850446825,6.284178741502682,45.355727023289546,89.1859373188026,0
148.58824688538425,16.639428038287974,54.76767686869694,139.56747776187785,0
407.5036133495849,10.379868088701954,81.91037245841251,70.43163833989703,0
595.0269250521317,20.951182012743764,68.15387448121052,100.78050639587792,0
170.042007618262,11.207239178471475,91.4018631963877,91.9271661166022,0
359.16482618186836,14.104402981636024,55.47040115033502,51.81240410457298,0
538.6865359639778,5.232410798162013,68.56716629750032,129.27581135728127,0
470.3843088771022,6.448937755891178,70.5046042473591,56.904590631459975,0
448.507870497634,12.849871128133696,67.33577298450604,97.42550209769536,0
451.2420419935546,14.59877669434247,76.2107018468413,106.06782949389499,0
279.7455756098776,17.000410962386074,38.9946774699845,112.8426456614587,0
246.7959221322467,10.833251574186065,60.98910220366325,118.86316293078755,1
504.6805777392568,18.89963772253085,28.337984224667814,75.32723835227151,0
505.05669733959036,22.20244794378409,50.760906211585,50.99787766584494,1
533.5361592900518,20.597019777866997,59.01336548970115,122.3443662354912,0
556.6202762782357,5.792376506967143,72.17794076363779,103.56565993475786,0
355.6711994304689,14.610138945156578,96.04248420689628,133.61177032072487,0
350.75814734359983,7.098603568363497,68.05208532386847,132.13883629006943,0
499.1475894833876,9.840900317250549,79.48751329412478,134.33261677878832,0
424.9819653888826,24.73325186534293,60.50128475961622,98.50946599795401,0
450.9834386288517,7.849910858030265,70.72832251010651,83.36283958368656,0
497.8963347180505,14.977763069027121,25.674577290701876,129.155820259137,0
545.0026709087831,17.36311468636238,40.35132646734776,95.12941130292549,0
268.99757842576787,19.049299410882078,48.948247456411096,68.34421964034345,0
287.79147631997205,16.192973669738283,57.799468400521086,135.49740195614743,0
146.9909699204345,5.195416948383674,23.6518996401907,138.2559876772347,0
389.14007049808697,11.529226164879837,31.201927804265416,96.63097561401702,0
117.97113689837104,15.354232867694229,42.14514462330446,57.56997273097875,0
332.79900906623004,6.7573299828966675,97.72261527208406,88.78260899169312,0
371.3223173537883,12.012538624183616,46.50776056824406,130.35376594626035,0
243.2706260641422,5.664062175827331,58.5632846489666,140.17740285462287,0
395.4166302845054,6.571569943100415,35.68781701907143,70.34727424975958,0
115.25012496952472,12.93846552403192,68.86240568606146,56.697361202527155,0
118.67409437460721,7.654315080861207,42.45465724127794,137.73504531328388,0
511.30028032982915,16.35081696523116,36.55940627507414,88.94049389788754,0
280.0953207056315,18.789299382745313,61.32581027567832,104.17609642675632,1
163.5302563259424,21.011733982181656,20.440463932833666,146.80658120507587,0
361.1216300274022,9.003004884896201,20.613122611938024,56.65647279142229,0
484.9967765493054,8.349651645181396,37.52550472814862,114.83180074520956,0
207.91051374842158,7.091356806688005,22.93770900006569,57.41054225748671,0
411.4452379095001,17.728604990872732,28.64206033045531,87.54689284665004,0
142.67373249688399,19.129514529738024,47.10885194710013,130.3814545193447,0
125.84086058430384,5.631722896512841,84.20685436638503,93.34722327556344,0
365.677315784074,23.724244924873798,65.76389146954406,149.71823539029504,1
370.31756080505323,6.039425673029449,61.01341807651331,105.90592849466022,0
418.71495074910325,15.82592670602141,43.47910585664973,82.11621526359535,0
463.0456668613308,19.18121038901833,94.54029755462531,72.01113259047531,0
587.9260397312673,22.41938247492171,51.76120329897533,85.05205342861618,0
358.15017415059765,19.281738642648556,26.96742134366172,87.25332737595508,0
261.47823647062296,21.034561661395838,69.3653212894241,56.8713677723961,0
497.59309738435184,11.78900385085612,29.107071478128113,86.95741994267732,0
235.41612563103712,21.296502274930244,47.61785142413537,96.4238519739225,0
319.48571035281805,6.602296927693503,60.592955097424706,122.27377522388046,0
139.22819067113298,22.896333121210553,89.93780197481406,115.6729484721608,1
112.67537170772876,15.951847523074726,59.48372642720949,120.87656552291543,0
581.3242073389625,21.345955399249874,76.18070128253314,50.83636818768571,0
517.9900602561029,14.046365690366002,99.42534711992563,71.7667399580536,1
447.987103046849,17.871553903930497,30.519129591838528,116.16842883998565,0
304.476472207135,15.528053218722263,41.97852204156156,98.39893681797471,0
186.64716003542287,19.631790435106637,51.56608604781171,50.5313475668346,0
178.21852133554302,6.632599640611792,53.74625428310651,130.44946424318223,0
225.12144908229766,6.207041679811276,52.88168602124366,127.28095732903374,0
374.61333235306023,9.942064680202929,92.6088802045244,104.84191629935626,0
457.2979613500312,8.190893602263767,77.1226115573485,56.64633257762721,1
430.0986883588656,22.435671331844034,68.6324171272563,126.65150495325847,0
239.9669484729714,9.384279747160885,44.74981742902257,108.3713587731364,0
577.432640331597,24.517305116382627,85.90323073770358,128.1959977157959,0
468.94845834788424,11.737915835422136,96.40484091879911,125.17469923958404,1
377.17702625570035,8.642358313773986,85.69586260401812,130.3002071957837,0
405.8603731171761,20.79397014284958,20.125208415317832,101.80080664046248,1
309.80003121389495,18.17415551001752,70.91210961467256,64.0324518193515,0
223.86549475057873,14.96391432906278,24.090830515368058,117.11574733796887,0
277.98633932563075,16.107271018752627,40.60857762669775,112.04737850519706,0
478.92305523218454,19.384035565445277,24.761976027821735,124.22531871990871,0
107.19674431487793,9.569094826625975,68.30363623595102,66.98810060507353,0
158.03632025345811,24.926678321134837,74.92719307940854,69.49751999002892,0
123.00132101087638,24.495863242935663,29.159011045272408,139.04095172193286,0
120.36440115948507,18.00651372693874,50.707110643598355,124.99777984520708,0
527.7302920055035,8.990849018582903,56.498920716443365,140.8228488700323,0
451.8289296900118,18.604564848625827,49.52424174087333,125.87153211639207,1
337.0869145436626,6.443968179583517,29.682000038815445,109.71553059903019,0
148.91708032550073,5.613050044116122,53.515823214998036,115.41327370278736,0
345.80793755841614,10.153657770224275,80.09424382467344,138.91279239400097,0
336.7358853902829,14.252459134786326,25.680613162660435,107.88067545119405,0
186.60093495500757,22.36545010816761,26.414401126552278,113.23913243283874,0
316.92582461898655,19.54338139532616,48.38170334687874,65.64767160036006,0
299.2523671986867,19.85413042399962,95.33805692951401,97.39212201161027,0
407.92504902610824,13.509866688961507,73.48581173783313,121.6397111958099,0
417.5468254338219,11.918699850939259,74.29359653380519,77.09426983163654,0
122.65200488602225,12.420775259692054,48.9535992670292,70.22541805245349,0
287.3063073132356,24.752991274721158,67.49286329668308,81.38268082244156,0
412.9299578571182,5.80218382824965,20.81049472221947,74.15006279928335,0
351.5681292900439,22.340629922448972,70.88768371276338,71.49126370363959,0
528.2449205941612,16.57350817144787,93.06295580609894,92.4850842868087,0
429.3468158094725,13.77230838379181,69.00587746758553,140.7838513883534,0
181.46721354071485,19.50515320830273,89.89588747730761,100.70596467387182,1
135.28437370021493,14.733378828494057,77.9178444372875,68.7920380815323,0
421.2096391031578,22.46846476163321,29.644673312295218,57.697166938087406,0
113.2556552708109,23.01403728022517,92.19626458286734,119.61561451379252,0
392.88779063673167,13.434418537469108,25.31550754846199,88.27987644363878,0
570.1151207124788,10.536555944701032,62.7173978038211,132.18309465853594,0
387.73708893793946,16.847006571867244,31.370969903476613,115.95107686407702,0
294.084963103261,23.24726691233382,20.936528858472325,129.62414505413685,0
421.64410922117656,9.21324378011333,53.76274081021112,77.19460394184487,0
329.1264452457583,17.459331671269656,43.6032566123325,119.2358922461058,0
372.8083946579675,17.63120440185041,58.88003950380824,76.40619846937187,0
570.7324043882626,19.66226044830562,66.17599093876407,143.90684794502914,0
293.0513189003871,7.631353702545196,23.499125784715787,113.63742815333744,0
580.595281911957,19.31649929364177,29.84026360989965,82.4511800175342,0
552.6753209780319,23.18065041331282,64.69139171603402,76.95118622922726,0
197.89556739464822,8.59366217740484,47.45338825381266,69.09265850716434,0
134.68065043758273,9.750866498477553,78.33387900395584,119.46409588937279,0
150.38900068871334,24.427901880832792,72.18333188735517,71.87156129979273,0
109.11091282577486,8.619539054189795,87.64834903919254,109.5303265927489,0
147.2214803779642,22.087701867391583,75.39942613353801,76.46350269253574,0
441.5033867081784,14.845557128960696,54.394486191211854,116.19689447938686,0
135.5943242301145,9.944621488063541,73.8373297915546,131.49397285405394,0
259.4878151468806,22.414998025450227,42.03049394043348,127.80252431446532,0
522.4376554847272,13.90610510005331,44.505079902257016,126.08513309307817,0
111.63596786791294,15.296347078593804,83.11881279366347,68.7722405692252,0
507.2342412944679,12.184667387995313,55.71356131212657,58.83849469845187,0
240.92738738669996,16.85901702869855,83.8704272414682,119.89488284873856,0
159.08241381082814,8.270477451700454,85.79378989346228,86.83472137943514,0
448.3685826820753,12.821630733035214,88.6049870129027,93.23462264033472,0
414.471423389942,24.38824644670575,93.33081886729659,53.11490927933911,0
538.7360067635265,10.16266865402255,54.4788176410637,75.95764492750492,0
467.5355219019429,18.134733290825842,45.509345465691105,53.3676403874464,0
501.74046519242427,11.503801284493898,66.5758997275291,137.91857726012478,0
241.01728628565326,20.46946251373201,49.69379387501021,74.33966832185305,1
188.71977188986142,7.6174732143669965,68.08593334401863,105.7337169573008,0
475.3073758204292,24.396420901570895,76.44686901150597,53.89793206611304,0
503.417369633632,14.075790827672785,75.07240147937095,116.6847391305658,0
595.2525710003367,9.72100926692928,49.96423096160971,82.30273457540939,0
306.30883845571327,6.469934946600253,33.34881613590022,139.79191869576658,0
286.0090428963916,8.395158101750814,54.4423470769766,138.8118188934036,0
488.2064803709984,15.395478971120353,31.4075315265527,82.52906183617478,0
270.40177012650895,11.740063528625726,91.20776281470467,140.0960895690468,1
565.3786628017824,21.57766731765219,47.67019685902859,149.6157673498779,0
529.2063759215059,13.617750473236118,32.3567797778659,132.5415664123948,0
314.49701368750914,9.974285451752598,22.035820792460072,134.48713477552292,0
475.4355338957487,17.342899732080603,71.66579090291874,74.90087361090899,0
477.2714370423412,19.135544337708914,70.95218539637946,107.67023988577563,0
151.5619344179663,8.340838158018997,47.248333326503335,56.72559139673679,0
551.2764533397833,8.352384325766353,25.736951107812082,59.49179368216697,0
352.6261862239286,5.733428538670859,52.770311591618565,149.88926120332906,0
513.2287330538709,19.72804030131281,44.897399605071485,82.6639249425911,0
260.02480051530586,18.276090552436102,74.16965117880075,124.81839120488463,1
547.7616142481002,14.492617514996278,68.46233995621523,130.66650530268163,0
294.60083936708156,21.883408979383944,49.167498255803196,135.80232710072292,1
105.41882574014917,21.113403059001065,37.43140434039921,149.76282974021564,0
552.6909882096318,16.707087287935042,99.04287729244734,74.14964852568679,0
145.64333839306678,22.365425610265174,56.32012969568919,54.03508268596997,0
259.6568187952074,9.116824200735365,75.06193886241897,91.11915179945859,0
575.0309835254025,7.2383923879545575,31.244237406268862,63.0080669828947,0
575.303573468778,10.394992230339792,58.84717597275183,52.24258891620551,0
386.71894406164307,6.1417371217862975,22.202937589557237,86.04268271414861,0
415.91860608489964,15.62339056002064,60.436409432835994,128.37382510752366,0
324.2227609891599,23.732113845899228,97.12139256941619,106.61806912250708,0
246.60538584903227,5.786870813370193,50.736537038864014,81.27779892103541,0
264.33227268495796,7.442198280200536,23.119681005992927,115.43420054927196,0
436.2592280385192,14.043980565668706,22.47646327354748,73.20181803088107,0
476.18726471884,23.6775003505581,51.03894079574956,51.4381446072085,0
495.7895218629243,11.32312209953501,32.801994917055524,126.43533864364274,0
494.80907139727697,15.144696173767848,21.868167706254873,112.3743084864009,1
145.60305152434518,5.831457181007842,80.49708911601414,126.23026245009599,0
347.21015235129073,7.966864019241777,56.681840710551256,53.893801668766564,0
128.77938000832214,24.73260245917694,43.139581757812365,133.71196278306522,0
374.76444116186775,24.30237392872091,92.00665464131846,111.95262000363033,0
320.76525068668855,5.098799618688192,29.29111681604205,106.33953507126401,0
543.8520913791499,24.03623570846478,96.47350631642554,112.46140481145315,0
275.45750627603934,17.78239875631001,45.117337390188226,136.4433246868364,0
158.53350821380292,22.358365890400442,91.0722937846945,108.6936506558907,0
171.49584102641793,14.094797112677181,68.23543011835693,108.09503798881794,0
480.75531585873614,15.311920571585006,86.136588779319,149.06791570657657,0
409.1090316581305,14.776931605138405,98.72105305683715,125.6730167068568,0
150.56133806139513,18.337285150922085,43.07243502549966,94.22938054511353,1
142.0534030574987,7.793025095126258,96.89083883260744,120.73970000329277,0
450.48456572956,5.599471797453559,51.15855159219363,88.92304716917886,0
136.38150318209676,11.158598831823818,50.84095237895379,72.8875462483499,0
510.9300296451781,19.093615254732935,47.230968340360455,109.68518768877594,0
453.1211135782481,9.037069042458967,63.312608587806814,142.81820981139515,1
140.6743903209499,18.468648666498346,32.33160345427897,142.91395200154628,0
142.41885704259596,24.39824092214541,64.2969188286409,84.19052781054903,0
593.3197892505877,6.878014315788368,63.33638499280032,102.7677466221695,0
287.1353978780602,18.452042364502525,80.9521450083896,71.16358985698612,0
285.32107353344543,13.875004386091423,86.69199695500684,149.56311094988834,0
506.39978362875127,22.362845087550106,55.23530802499393,148.11179078679356,0
573.6242886919293,8.542995788947717,44.1866599481195,114.95089297074473,1
593.0005319114355,18.85251904452329,40.746791785367556,130.44140596774736,0
476.6890926294708,21.762305792962206,35.569906936389756,121.51001612837,0
288.12979276545786,23.892284389480466,24.61180657592199,109.31582190394681,0
141.7503583493344,18.664960565792917,47.395838306777065,55.33479969888977,0
488.5734579637184,14.943495280168547,41.61981537046266,95.4764342552661,0
379.2021248679025,17.356944804024277,97.31339086931258,117.47863021674105,0
312.11100462348816,22.378099689574363,64.61670610000351,117.75316138836847,0
553.177192547368,16.412194932776593,47.78216312244061,87.31226184223836,0
155.59874115307568,5.607741193936738,66.43740807949568,144.16919866580304,0
346.31255214542955,23.618973910139555,31.13573610765564,66.7357032236781,0
105.67682238370953,18.790535020631225,55.523499936176236,100.03594462155607,0
334.33032099706315,18.53026771554493,70.0987457136851,119.08839765508228,0
128.15163784091868,9.313503047954343,59.11182654339611,119.71358058918092,0
159.40895813403597,18.177709404653143,52.14230405234594,114.86389567688155,0
158.76312338855246,12.87728811308317,99.50787111197586,77.52882134518602,0
424.60515105803177,18.02465954082984,90.42518097191416,65.6206568686622,0
473.02243963271167,7.131860606159814,69.87247665275521,113.59403268267108,1
391.68438254857983,18.156906092060723,65.55018889458262,109.93021161394378,0
581.086274237271,24.98827451541333,69.65283838596673,67.9356010289241,0
287.435289761852,5.964240777211121,36.10496862579466,120.51391455705634,0
242.85604314093035,24.543483684426345,51.61101946114549,95.51719917336564,0
534.2995640947302,13.138159214457412,23.156762631271945,116.7760591603153,0
211.7979192597263,22.415069006745185,58.04368299894613,133.73670797701507,1
581.6112697203057,20.64770968116547,63.44196671661305,66.97284285769231,0
106.07723734490817,16.340325219733355,38.21997888825677,51.914486799683665,1
584.9394133538195,19.768984185026532,97.1223077732411,127.91025863957867,1
121.57995597528806,22.57031122602696,92.75636887497936,110.9697425152616,0
545.5715568490355,13.082806433020659,77.77145883647248,119.96395696221217,0
363.85055454314994,11.540663231264773,62.670930301229006,133.81549749886426,0
596.4823980596502,18.351867711271694,89.5975327718148,130.28109348245005,0
136.89828236769944,21.15691883882517,30.452187505877035,146.09201469288246,0
376.9271422006604,20.245702695532316,83.2407835419908,103.59350788521182,0
584.6512678095495,20.956272977172688,29.985665117347864,98.84956326599054,0
361.5489220850744,13.71166629625866,83.53685300395243,90.18871998907301,0
414.6993190676313,21.35668432350043,42.06140546010856,65.36910428442046,0
447.8743444923086,7.404181107412169,90.16724648145511,107.26072328820224,0
327.2705323838866,15.889781959216991,95.52336750603183,77.70125243259788,0
413.77904004203174,5.115173209962432,31.90367755240925,142.13075122129754,0
392.15715596155013,11.491716598005405,57.01404840523148,108.31908042770976,0
550.5790052454945,12.329230697427958,98.47899025301481,109.28401805081101,0
122.72319017072894,12.923453832185107,58.67259487785173,85.492466087701,0
240.48159479611516,18.909344133797244,89.08380180116362,55.19893519777075,0
575.2057420382794,12.771162025406914,67.09852177050558,53.17437653729886,0
545.1318919454582,13.973872452450614,50.02639263356815,92.33351441531974,0
327.82837639285646,9.75088261748655,42.862684442069614,58.456537809723784,0
410.06629890076834,12.465035832586802,36.257847286886985,110.68469555401391,0
238.69059149056633,9.545392545263029,80.94385531021578,138.09730056396575,0
194.06057986188065,6.463918475368873,50.92324054584223,138.29148165187223,0
331.84920246999104,17.06897186762756,60.90203697606009,115.90454101322324,0
276.67611401302645,18.364255971100327,59.386038400094556,71.1231831472931,0
391.82805592543605,17.389806920192292,66.1823223386505,136.29968313588722,0
138.8673184824924,14.269880876011447,89.24617164996418,138.6093435313208,0
587.1974038330832,12.595715603584596,98.45914748667435,69.66535849529586,0
593.1053722398015,22.266672991436504,52.606736685905354,123.74260857706773,0
449.08085700987255,15.381635702724362,86.20151376850424,78.6519548927123,0
368.0481831720602,14.58363755259462,81.16222357237741,130.26403123529298,0
254.76380814316389,5.512841316128714,65.88231611644586,149.72378999036027,0
506.89750985347433,11.824956552523126,96.48377148895464,53.00260053293928,0
442.3655862769396,12.60391237571714,36.037961242272225,139.73658657909317,0
181.30846967244565,12.97645561793801,28.74113682476971,112.26305335986581,0
555.4635922469213,16.603447384546648,88.31695735643378,147.3382619164821,0
511.2686214615845,15.67205093453757,55.13198533069986,96.50095175264276,0
574.899956645962,17.158101855868892,87.75750833656484,134.73879305713737,0
462.85975419417997,20.297665230842565,91.44721641563319,56.239406859827724,1
406.7075979678949,21.25971477432187,24.996607489525715,83.52790500782957,0
309.12151814530944,19.362461524529888,90.67718103888485,56.701653775120995,0
566.3642416770067,24.110473919098695,55.86552442955377,147.53431334790707,0
533.0319447502042,5.364651653527233,60.83459912033858,131.6973907271837,0
122.6093350530947,8.915559713670921,70.12740088745682,135.25474212459704,0
113.18348724862601,5.151257499562842,94.11060853840694,143.79652314338944,0
288.2316834390248,17.949494283092058,21.52928755438112,58.510348611978536,0
505.27666539091643,22.96061097899974,58.14747746542537,88.55975925133333,0
593.6380646574722,9.869645931525985,75.01776339444486,57.10348890440021,0
175.2084455517641,23.540690895926133,77.81655661585827,71.07931015500286,0
397.06535767606755,6.205347805791217,75.40259452296864,72.93657770376723,0
290.44542831551075,23.688720536110285,30.75481035264975,96.91072110475787,0
584.9571989073015,12.032453744792688,43.9516470697345,76.85621674536426,0
521.0594615678543,7.02841656898433,48.69724203336108,60.09781068177611,0
519.164352355569,14.717435183726513,84.3549766143604,66.74910890941078,0
334.3465798974851,10.135531354410158,42.30078979316424,64.72755635520909,0
307.4097511688326,10.697458039238457,36.85639710937625,147.30767979122982,0
236.70353596535313,11.14579929852573,96.5958415230477,125.92925069184736,1
128.18774832546356,21.060517956653268,20.709062809077512,146.7761465269562,0
532.3611881275266,15.783225533505089,99.82566845455825,93.97404865079085,0
506.4505045650388,11.226153983120073,74.14570390859166,77.83684816626567,0
599.8588366430653,17.206675666218366,86.27754395592936,129.82931972091865,0
598.3184185369527,19.32301348446387,43.56955170769545,82.62539180411468,0
377.7158528013137,10.452480014670675,21.145222213364796,79.93833737053482,0
484.49370759025527,13.27098203050703,79.0295614849224,73.25059922078312,0
572.3828649412139,7.437721866738951,86.73156776005406,62.96789782242354,0
524.8236953387056,8.622986990693606,79.23809055628153,75.6463061016766,0
223.6740508715988,18.622357079299654,31.428022984067088,85.53197484738877,0
325.2720676550467,8.628766953912539,80.27423378055752,117.39942081457303,0
164.57970757574748,15.503267673341202,81.51382256861127,56.25648422194516,0
577.0255136293612,19.180925234448654,72.6832412536044,71.0506939665343,0
403.08731722544,7.137538461894877,81.28927462364689,130.90236402916764,0
214.32140275173134,16.346244392578072,87.67371517421857,64.69219235837707,0
435.85034220292835,10.131255674027276,69.08832913899667,84.26451465225216,0
409.0641202289479,24.258537504751597,27.088377117574325,136.46589218581403,0
279.08135901642027,14.670912934398494,59.01022477337687,65.49253111434426,0
156.7787960998145,21.119850995503164,26.211946773728407,58.27368356181899,0
435.7865977963998,16.004530843125234,52.60344248259447,98.45379950800108,0
360.15385045189663,5.868250657096383,52.56851913005021,80.24195112785364,0
486.1591958678197,17.663027511880447,25.280787531219325,106.3408364483854,0
360.0817505559967,24.02806684413314,47.905642717558344,130.3804890483475,1
526.0907501592701,17.032236402926625,28.879847903305187,63.714848815274316,0
375.9534193872428,21.383777188535802,84.65881680073777,108.0699084554285,0
380.46898576769314,22.684129266968156,95.81504207715766,100.55087603898639,0
538.3268013291724,9.56159543897865,25.78531802063509,64.40787860131996,0
301.74143310619854,9.240896798164533,96.40921658333612,112.39984855289825,0
167.00761422532037,17.219619777019837,61.80612794693961,77.36404178607717,0
114.39133815666949,13.220569396134094,43.96525423630991,98.78343185440124,0
477.5686278368095,21.797226057334406,26.14896602209308,58.227232427706184,1
410.15477567673236,23.000462467960222,60.04994144563342,95.95840572136231,1
452.03988404961177,12.068427586054362,83.56124355925989,80.64634680428203,0
206.48208075445535,9.73741117948964,76.56691818133585,132.23812111853545,0
168.18573779338487,20.610510304877238,24.0180809171179,55.69787269973683,0
107.27233283394096,10.496120710962721,25.832146829432283,91.86072749183299,0
275.29377940329846,21.45228637027357,52.229862610610965,95.8431424131438,0
394.95884342731654,13.474765072975256,43.623239523835466,122.50060762991187,0
296.1220225498662,18.35099798582941,38.59074584448383,107.4287575090211,0
318.7374610118645,6.910706276693364,42.48035991269709,116.72123371941811,0
552.0793472468742,17.477186493531462,84.27861946375077,127.7049285651756,0
274.12773351165015,14.035353574744583,94.33824429054832,136.22029736581888,0
356.9947445799054,16.732169263509483,52.408215562205314,81.38754967224705,0
491.82650637057156,8.360284154897268,92.48888017059977,103.8022705363903,0
298.27139116063506,19.73747489888364,45.71965609983056,134.01080784392,0
411.04335011393675,22.25594155086457,58.11495890750333,148.94511309650565,0
531.1818543733725,9.334796001815512,38.08231982527998,138.9519311043763,0
574.760311828821,6.9142911104032345,71.23808337406751,87.14672626243768,0
173.53674046451897,5.472771720926728,98.31848921398472,69.51665172186505,0
563.2938125807473,17.83943000886532,68.2794476834703,98.93925374065887,0
346.0581465397691,17.141880721775614,48.62512672908391,124.16414518360422,1
229.12219414947918,15.9339482542814,71.82539567924226,99.25690707532976,0
329.5678781191307,9.638941922319509,29.833654277231005,98.31808633136686,1
590.0162876427385,12.818119918110293,91.09272642123189,133.82304210818006,0
346.3090469964348,16.88952670372346,60.24671606238691,86.14037790671864,0
264.37580514375406,14.935337177183388,55.94797936317136,135.97946748116456,0
416.7004271583629,24.755710404297744,66.86918307628153,90.68048009517236,0
220.07280938909653,7.728795051134663,69.9827090231522,82.82331056783394,1
137.93166405433197,18.902891080951875,25.742064498121042,95.3989911199699,0
164.4398609553246,13.086375362085843,74.60937769787219,126.24469586748684,0
164.02291947888622,13.563992298512295,39.35453442524236,62.60020278639943,0
175.9513467561472,19.351955313163526,77.11621060052718,69.64192158720174,0
169.41358632470508,18.84872302648739,85.80278355073574,145.1444825663092,0
420.4373724016073,24.825119874043764,84.31668060420162,67.54916273813573,0
190.94004219957242,7.567885789082505,64.20007739263113,106.77273179310546,0
272.8336416619316,7.082192987683326,61.613591384860094,107.93144666619378,0
548.3942049530059,19.48677634257482,31.430076907152937,98.96244620502448,0
336.9808201314362,16.56773834012818,82.02769203225085,114.47452485768186,0
433.7788692605136,10.483213331196117,41.71275043573715,72.98267257976184,0
186.15993560081492,6.588387379779732,59.73563382543573,105.26622677767483,0
196.1445094043354,6.713164991928611,42.74192743420134,87.21732552468971,0
120.43430813323943,22.883817493282365,30.706269039975453,116.1667259629189,0
184.46753153608228,8.837346494374858,70.36461575133893,64.12235433731495,0
239.29516951597932,11.467431242310415,24.346562785832305,107.08774168394763,0
188.5052421383734,9.53312804453976,79.891618730096,68.52703553833237,1
144.3512668785278,12.099926116638747,45.406943620889336,77.86430631150364,0
160.3179355503004,6.388476854921867,20.010775440358827,71.87098003235832,0
330.3893840163629,15.381195818165407,60.89033113897838,68.28377798688172,0
203.16685920289626,6.352251271844298,23.74815268220825,132.5710951560667,0
282.1349305240377,21.007130156447232,42.09356462567196,78.57075676608903,0
351.7086354274285,9.67424163820866,76.5581189964573,142.71237818644494,1
445.19741431468265,15.800238292090212,25.015169729749267,146.9926525345191,0
119.65606992054947,22.601581751229165,87.1470793884802,107.12604699370974,0
499.70519945452133,18.01754738094388,20.30559381268665,64.30011226657264,0
413.95019474545387,15.659155731026706,39.74590953615218,87.45482433795813,0
140.87951597443595,11.486675062307512,79.27232449216572,129.7732263348214,0
536.7893120533886,11.660038261163958,45.30161197834454,86.73907286970704,0
560.4362002659066,18.3897391039638,28.15139104528108,58.70172183027887,0
130.53897992743188,24.88278722442335,48.81871350403423,105.6784910928188,0
238.43882407360186,18.236783796987574,41.63146291076204,134.51208514960348,0
503.10063989653065,16.1556683474005,87.41695217284439,129.59263871435024,0
474.1298451918292,19.61301020478492,45.06783340681145,67.51231401303532,0
192.26050967818867,14.304112245674363,83.11459774208058,117.27646144124667,0
204.67466166835516,6.202846852015704,91.34977158485879,72.05042634356471,0
285.236051395691,16.245936317558197,54.70539356612236,71.82075345521721,0
342.2614925955107,24.152505690107603,92.79545150835136,137.40717733051852,0
409.127385765148,8.506058847153193,50.18544431705543,74.96689527402302,1
284.4568197848862,18.800097816413313,97.12627331920865,76.32473465180112,0
331.26735806657393,9.01867377318113,27.143161962045834,50.06533907612996,0
473.7354690668783,15.716553689461625,74.96154132025941,137.06690341255177,0
118.34160144529895,6.933528992934392,59.5051232365543,129.25948132091347,0
226.21847217201037,14.007418725163703,51.011904436451765,112.7328935090678,0
456.6747929422762,20.12326657790492,70.61695029988807,125.02657639388423,0
547.6034188435997,11.951430484779642,76.3085673307465,65.20485674244918,0
355.838721057833,18.29823448974436,20.349061572024727,95.83235945875754,0
366.0567426326578,20.908999215794584,33.3562470997759,85.12193873487809,0
153.58600566988804,23.543556389589053,77.0436840507455,59.37765262570165,0
323.70618341172735,9.69284163710907,73.31083308625651,98.6130485214924,1
366.30863322751156,12.986318316186162,97.28380041029418,142.07396503426355,0
221.23525181736483,8.048320266608348,80.88302322006264,54.005911905069446,0
234.6216154746905,24.849670043167503,96.06181661850704,79.14609134937939,0
288.6420815523113,23.540019358485907,76.20324012278456,70.75409362057034,0
110.03559888886318,15.799142605611191,43.844176691155454,73.81466536656963,1
261.03958279158917,21.840665887528424,28.429193780068516,140.84345518793754,0
205.72400349827234,15.419159545440843,82.54590906759485,96.80690542342901,0
263.7486760889573,17.471713760055195,71.53193771807327,96.62994129398189,0
159.8810659096256,6.782488642320333,23.8548809914637,126.05756424552823,0
545.2636403699476,20.10540840993616,48.80403727207827,65.44922040049258,0
396.79622677702434,7.554269672704697,96.54398523874289,98.72653541000508,0
439.5511595722448,21.521352605050566,60.0320916568161,92.99852141210597,0
494.58561930366915,20.640561753407717,54.61833088157637,109.6910690546656,0
349.2210994645286,19.174893954859527,56.61596841274352,149.95577032504386,0
143.46014404371184,5.723207610495242,36.7106179204131,126.9448894082047,0
368.55327090927386,11.062567118906571,49.49657366918362,89.78657030174273,0
393.42055901043955,10.262251398216858,49.58506047897413,132.75530522740468,0
472.719737092165,12.202728149430381,24.188401614997794,67.07083633124802,0
315.82977311483967,6.752854935276771,81.40541028143346,53.04636863089601,0
163.79015139778187,23.739156460621256,53.32035455231032,70.44483724642731,0
241.88795289936223,16.076044814247524,85.77439094531387,84.04115561142596,0
281.54114819931755,11.11048621316047,88.02784008959163,101.05807574595599,0
422.9586206658006,12.939630341485667,36.95952437589264,111.51291405411999,0
385.38915233445596,13.944050810096712,72.58827857361028,141.06057172144216,0
278.0483629489231,17.011886667212345,57.78254433303854,100.98540095504578,0
593.2576243964899,15.313588553929955,90.4125390337188,100.12756446257293,0
402.8874096784436,23.387839464288348,37.25925433411633,55.024300982298215,0
218.61339586799724,14.939269658116604,74.22505602480354,53.49115526562238,0
150.89123631020186,24.84316029646625,68.62016978021781,105.11599619163721,0
176.42956959216602,22.028499154901915,43.624118205746626,93.81786132483445,0
222.97886419225406,9.170210287146716,30.92807229209381,133.91803949802986,0
180.34068662977785,23.611904292878325,72.13118083818213,66.06795847118451,0
193.2835120256529,7.327327957709522,79.08779665058645,52.49716621170496,0
242.54758434692354,21.348994169823833,45.250187501068,94.90387679301259,0
186.68679764737743,12.6124658695316,71.5866083217851,73.74785567522575,0
548.3827123132126,22.55948640890139,51.61047260892026,54.961437333883744,0
140.1168728308211,22.361133802149006,77.05655066260942,122.4598286847629,0
362.25569478512733,21.118508002352424,35.93722199152425,61.15929999572475,0
305.1984134948308,20.800608726141228,91.21720021089395,110.83195000077717,0
591.1893084543033,11.093582781960816,42.99276771724638,78.10497501668891,0
156.01945108402617,6.6183856610250436,49.42287902049223,67.34960503550221,0
298.9277995228708,13.059603575303228,24.647356166427983,87.97515229193175,1
584.7352166376844,8.470490299730173,28.92097698570211,130.14457762229537,0
532.7535629469901,18.899021778049235,61.26895221698625,89.20935769045727,0
508.53603547463996,11.921994530755711,41.40741413823772,125.07696492110557,0
228.95141352246992,24.512204017198297,86.83841805937556,62.54862967991507,0
185.44379369503292,17.81944154690664,21.175471092396307,127.27714196650791,1
434.3216099622155,21.449611272687218,50.32752389375489,73.69333249066486,0
564.6879945637929,7.650493454836969,46.987643741527414,117.73931298888728,0
378.3814465069649,22.24028964545245,21.54621047340808,106.57815548409963,0
385.8063447349499,23.455143810267888,29.949471920040818,142.91447172116875,0
239.98954683014207,14.741238376378718,53.09141399349082,88.7322517975314,0
484.74646659596846,17.12505875501955,59.429166755795734,56.616518883444044,0
193.5218742787617,20.29619601805991,52.34317978038953,51.91554855512529,1
261.83961820212187,8.496772545208252,62.475014272967506,132.6858560972753,0
312.7182193082084,15.051321529268849,67.61053399245452,102.47356376614322,0
353.80518934222755,12.973260555446263,20.79390569022685,127.52440518349492,0
221.20486620754014,7.927479843244982,57.127612756280314,73.44256000115146,0
157.41841236960175,12.35068844583063,97.07993927100706,84.50837455132337,0
405.3100212208163,6.363446187709871,61.522582410363896,53.01038722113189,0
244.3152766201279,5.51623813898974,74.20338139671625,146.14923245741122,0
390.6191107113061,7.703325783096455,44.949108633350654,116.78679067008134,0
177.18135763710114,24.262302231783476,81.91931025222101,143.32050877593062,0
340.5700509274087,15.99059071790034,81.8337185500892,76.54964074290723,1
366.29471627579295,24.3164432230644,61.703683812331114,111.14636112256608,0
125.91176841121346,13.64995756660264,98.08110586233708,117.84999682926379,0
268.30213909696033,11.236322661705191,30.044017181012272,81.75497002575884,0
167.20733846948713,15.122837256804882,21.35581319116648,134.81092350156302,0
131.68748523638388,13.790233772658203,81.61265694056767,144.71614629002477,0
594.9801161949727,7.113293685234878,84.5724429891906,138.48551176960044,0
261.1769224873615,17.816526293804124,29.6165783296461,123.90669759393725,0
504.9372229273174,9.320763650191992,41.24662663668849,77.7464679724954,0
227.32032738188192,17.39175909795659,21.404189069330315,78.16160421056317,0
440.7513611119646,18.004021847963067,43.46468886244517,146.3360320446038,0
480.1139299448433,8.040497062572962,81.85134991349372,51.028449593569206,0
397.81937030392214,6.226992542213363,61.436842217006316,121.60499732421445,0
335.7880942750792,20.615231721368797,47.84764745346305,120.62461625552622,0
305.9204570736342,14.196008475386403,49.73914359250642,112.26895409497975,0
274.43413327149767,6.163275910109515,20.108290057237454,149.01088460868658,0
564.7645721239129,24.897326343395342,43.98404220521887,81.18794357637252,0
515.3097038938646,6.155611219927333,71.71669933103445,83.99718637932482,0
582.5134553332563,18.900704577171062,97.93555550530857,57.89394029465556,1
162.14861174277237,24.67357850526827,87.76486615871195,94.27981365437375,0
465.43373760182214,9.783602084318513,21.88759717164233,76.10485262348482,1
569.1702284105189,7.8449873737439235,91.88484837398715,84.33867021776442,0
190.61653308283007,7.427698788448578,82.65587306389008,133.45717902556277,0
133.24813368338874,11.065502951351911,82.43008988567843,143.54845135274957,0
470.56032464502954,7.020916220212934,56.63966072028572,68.57330720051857,0
387.23655658995597,18.84322683388264,51.840423436360226,87.25089315534659,0
520.914388379136,6.245835962601253,44.23325830665541,142.8630562115394,0
169.88618831314474,15.188442562995794,25.255588716349262,56.180846068922264,1
497.6336559299451,24.933937077059536,38.258829079495925,59.23605281113785,0
200.81366002387227,21.279405390120377,39.72829079824197,66.27909892062294,0
181.82797143285225,17.304388764620217,58.72616557681613,109.52128341268747,0
182.13289896549645,11.125072415732234,79.79555252773551,65.04722710059974,0
507.28736011569106,17.47791672583277,57.90478627183573,146.80763814507335,0
432.59861034810007,15.540829278233034,24.62755595577285,94.67145272585203,0
361.53271238455966,13.521667677807429,96.62318407905632,100.15179603501664,1
279.41524206175126,7.61420753480399,95.41794552752899,74.66586158054065,0
538.6002704065542,22.732084304809334,82.81516345187268,97.09602524347335,0
296.2225537113177,13.99569297642645,99.30623212513764,116.19136326370115,0
508.2997197357885,8.892450236415302,63.55858662402103,125.11771369540428,0
319.5674542851092,12.355187017545791,97.02146802025649,125.3868082709913,0
288.4722147124538,13.282595050578541,26.048403249340062,107.78911126940883,0
331.3398928348032,21.550757911337485,49.254459860909705,140.43597749938573,0
250.68893708207105,19.672287611228043,38.030501440541265,131.74078473061093,0
473.80469008812554,20.386097872826795,35.666646730741604,125.70481146986255,0
351.3601950462396,5.220625288572944,31.264235911414087,55.56055216804606,1
216.10634757340864,13.32307996359523,69.79309132527973,50.68779622196493,0
549.7872866372843,14.626883032706473,82.5057484597844,71.2447277195473,0
291.94561068660573,5.383845536461134,66.26387195362885,116.35235939134523,0
371.7764305569943,10.196264174900683,31.757016767056776,91.11974888825458,0
553.2360554822735,20.2057964624427,84.88990159467767,90.24062592993117,0
412.11899795699605,7.742194114579981,70.87637657309827,138.4586888229614,0
158.44902035418204,15.706202629051834,51.05325649015964,139.55628481318388,0
569.9160618067376,9.30403744034475,73.93042364288505,140.91752640535856,0
413.85402653570895,5.242415492877866,40.792398339426626,81.38780765150273,0
267.45280732854303,9.82402915199083,47.61537667953684,119.10558127392618,0
169.63603633169362,24.517475098201075,93.39886745055922,77.16331812743697,0
497.012594635148,21.03074223765979,43.240360453713635,69.06098330744499,0
410.03637796425676,24.191532886420667,57.59906145263493,68.46324573473692,0
366.73054598816077,14.75708087852725,91.21129099168117,84.21076208635941,0
546.9462915254788,7.1947239735500705,76.6177080214022,92.99576197798217,0
494.29860561226536,15.95918977947386,24.97625809317622,133.09491710550685,1
175.83743986637558,14.087546691199218,31.784243542317625,61.98910934727121,0
255.86103389777412,21.88714165479232,20.627327261753344,123.49258473948942,1
224.24456990723286,6.961651615684891,70.47374321833307,103.14549141893053,0
471.9731462863385,14.764822740435564,55.81387403283347,78.79453426759925,0
116.7662173678897,8.000973293879685,30.741988072182043,99.28195845328246,0
384.94484243565824,11.493518537801199,96.63472968454164,79.99420697770226,1
481.22934287034525,19.747141547755994,62.37277791564959,109.6081955238306,0
538.3828183808747,14.520362587375331,39.351463529031136,93.38439228552443,0
271.0408743579537,12.517765702915387,60.0482856923766,66.44055290788788,0
510.62865233600644,12.889525571400707,74.36962661880862,61.65830745556967,0
155.3158684776036,14.188935368119733,26.099137437885158,104.66956820721302,0
523.2261458672591,20.700330876741138,41.97630520383136,140.24130332861034,0
163.7443311659912,22.84169377880469,84.55723927071949,84.39576865576856,0
298.64364528018365,24.106693730078565,56.7731896322129,123.30001072226231,0
498.64768288977683,20.7380677251059,63.72617136258359,115.8661354939767,0
174.9587136743869,11.308137914960255,54.62528017675754,143.1554914309481,0
214.62569761632074,18.762694121730842,23.51199541144041,132.0981017299141,0
461.12628419653316,13.752062481107838,33.259982385612474,106.6605258905463,0
460.01826827303717,10.093412440921023,55.64333109935127,115.70304982341074,0
420.57381644264865,21.817431588518453,36.73483723263423,139.8386466584035,0
446.97422223355,5.7685269792465,23.998322292774297,89.95187845869347,0
371.3622216737981,23.03523984270847,87.4919731241459,82.67947058577774,0
225.89952945347636,14.229549292494683,98.49540233312926,51.08110836351963,0
272.8479967519597,17.74402953616561,83.45142991973916,132.65510741914642,0
190.79885840071285,18.187078444115656,88.30279373637336,130.0980700403365,0
554.2252806668141,22.902354814130728,39.35817042536363,60.445451810015136,0
391.69589738306024,17.733393643344147,96.85015804105598,107.68573811327002,0
300.42570838181996,17.278671695201236,35.75405635627427,96.39816981668874,1
331.00290182206635,6.333040811213799,96.11438482894658,61.87090955091115,0
573.6416698059077,15.36816043890408,99.58554351727608,148.05682270607235,0
176.6757015580401,8.003380016340833,76.9378244596839,71.46958874633555,0
393.1149160083986,19.748675374429713,98.49149854334576,56.72341800905612,1
352.944339442233,15.24443841625349,65.56318236536829,109.48473795019096,0
405.7271177173239,18.604555584167066,40.763342654087225,123.88666771330327,0
109.05509191042026,5.833458012047686,54.95967085324967,53.2443446047187,0
536.0619544720757,6.695840320916064,67.48487483030289,115.87176387270222,0
566.0591412418062,19.326467761253646,25.846524962161197,103.22918759514545,0
382.56659179460445,6.441686719973467,69.7874611693797,60.32650088750484,0
448.3254119384461,6.425134555305172,98.49422694098357,67.25238769463621,0
561.2496905886478,5.242169504697749,35.20861198269821,106.79742973160805,0
453.6193171566993,24.1300279659896,83.40760930307067,79.63576135132884,0
176.26952145713068,19.75016718918014,92.63190350236955,143.8315728651316,0
388.1441800834066,12.065028170041284,95.49612742561766,131.87402294840507,1
403.35752319142796,10.930711625753105,96.81084835243578,148.3567206513663,0
312.065335651193,11.994064594916992,61.71677109771775,75.9670838950414,0
468.22211781236143,20.493070623623638,98.1846326393203,146.97236327979772,0
567.1835073845075,18.227412221408287,80.58481657075511,93.12338697915578,0
562.7842564533881,8.703911357349359,32.93371489895695,84.75187953137547,1
325.4196857020661,8.482186706681688,58.1520085174376,55.03495269693532,0
156.61902292037763,6.967912994267946,77.46649402976033,55.27652578596026,0
592.4205994811673,18.206054394026765,39.787225265526665,119.20112559466547,0
519.449043222967,20.28745324443472,71.24921468391099,95.79289944340279,0
162.33134060163343,10.30092856650008,73.32803832372954,72.65216260361058,0
560.4209413086862,5.418899220618256,33.01597950468527,111.39703063252327,0
534.9481810310642,6.6434333495285465,65.2068249962205,75.28581182501111,0
359.4190285630361,24.35720069690061,81.7301528782886,107.76317543444226,1
395.63771787246463,10.908895549548404,59.91165316287535,85.92087469826903,1
299.50135193506514,20.384462956762672,20.968249342088594,132.3552226611819,0
127.38081941101566,17.493271377085275,20.723077526343374,132.06961607667793,0
267.59862082295047,12.638792793057918,48.562347517600976,97.73503981224013,0
501.42672429900574,9.113745243911103,94.09552547454255,85.08191093350156,0
102.31601150230144,7.427728363188129,38.2941423682887,86.25597965590946,0
266.7495858455721,17.300259360777332,70.74909510973498,130.5714525668218,0
299.0843467954717,20.49267561275576,37.76606965546564,82.8179482797612,0
368.6978014689614,17.878085070822614,45.73359917276389,70.9059373706846,0
559.9278082063802,15.606042664983166,87.84336716811872,58.46883418753068,0
273.1729971829806,5.839024468632726,78.30891538159575,96.66931208844085,0
273.47660094811386,24.369775551887678,27.63194218505685,98.21320989198418,0
468.7506240548742,20.97428383309149,54.296161678914686,134.09087104029072,0
326.10897044490355,10.856440734019294,22.333581091621156,72.1238696446064,0
212.302411469991,24.599406587177015,58.47121172824072,88.09912736684,0
326.2197580663467,17.037631792726444,72.99472093608544,130.8405738893691,0
170.42851018989992,16.64845316414493,29.480209887852126,132.36236107489736,0
188.19349325311165,19.961463588590643,43.11079511273326,88.46110759787682,0
349.18388636973987,21.23539576180275,51.826930040172556,95.9124023286681,0
309.46272475227397,18.129572146630053,93.56248197248398,80.3285890849283,0
557.42295053405,7.5619149273240005,99.46040123383712,143.2554878419312,0
281.19694955831653,11.765350119889968,23.592903919649267,61.86437657415803,0
390.2941751390217,23.561672806520995,80.88063387963136,143.37494230014698,0
416.1321439597652,9.492312236877039,49.73792531218746,118.38664518353433,0
106.54722829416681,12.443340476750267,51.396654898358406,103.15721526867313,1
431.7686860083553,13.64153765888392,80.34119786776182,53.26590607844959,1
189.0179834348757,13.788099793889044,93.4741145716327,97.55961918220083,0
580.5351587347276,17.25879164989051,96.07428756020387,90.77481050027322,0
174.33136387655648,23.86151675489415,66.16980688306566,66.12188119751225,0
307.3120618635119,9.8138542366501,48.569692744040225,115.6409603500657,0
142.67483403932192,7.430027526018361,83.00392686870234,147.11509073682856,1
598.4371259229737,8.949409797198747,40.08011066098402,106.21888110645251,0
351.0975051656213,22.73849800418539,65.12592230668142,121.47532764439458,0
397.6925086600219,17.91621625310412,48.68627692198985,56.84504525660168,0
133.53823869421373,10.718135784783202,72.5304858966301,91.76669958169947,1
474.9802351995889,21.318938779372345,39.23191303148055,61.635848516449585,0
204.9527965477929,22.22739992726872,35.32743565878606,111.27958355365104,0
549.0271447203569,21.930286773805562,93.45912693403497,143.84821582141547,0
202.56982024100358,23.37853067279109,28.14429463596295,116.17777324716386,0
195.3438603318333,10.04482040346723,60.47663261879453,57.68030483144215,0
118.27483392404744,20.100838574925568,37.668222637040714,85.46662049850829,0
336.03347255499966,14.2107899454828,23.114397066053396,105.06633794408515,1
382.4205666313082,21.83997105780123,22.881505463314113,90.32077561332522,1
132.8543197141762,19.569813543232264,34.01774176846619,133.36440104751722,0
487.7638083475053,20.528948929994492,89.34162836048002,131.4671004709989,0
326.6444173740138,18.12323675362143,42.598299518162136,111.18310201032214,0
362.19513466379004,8.548575389394138,96.03673364602366,87.34579451327053,0
320.38137346911407,15.900538377938766,66.52978343913549,75.5336373763244,0
300.381530437663,24.693394790490164,54.92913518150129,60.58743182131293,0
379.82016565410896,23.747761329942378,66.40710677355636,85.4897683486554,0
177.62012296535625,5.863474715940233,61.33587081810142,91.31725172077195,0
190.96406524763557,8.296296314588743,80.70210030058601,117.58229251040736,0
530.8928105067587,7.634575469091239,42.59968527782818,115.81598242975734,0
573.0577310668164,19.51959819970591,48.24403132802419,57.010813964125695,0
286.65465813987646,21.3557065971389,91.52754420266005,89.52593154311577,0
235.37233657177688,9.270227326213439,95.71652105203243,68.1778867217362,0
421.9997716195079,15.11705385903658,91.40465819891796,65.68127053168057,0
304.36708554904817,21.814060560224,53.55583951658509,132.73021497372457,0
112.69317783017243,19.65603089532501,82.42924024055054,54.19152167162575,0
178.07629868309516,15.844744109836967,58.1068586640879,91.91828759021213,0
457.9861144236988,16.806953809175457,59.80318817168818,66.82036557665182,0
429.4619709550757,15.1672109383256,36.374408724582715,137.9330215678474,0
113.54799625174175,10.950969026376411,67.29042426068132,105.70405132750352,0
210.98608096647473,16.300439857180322,34.89087182026783,73.13806363768481,0
215.5373982940357,18.777706041001814,46.5251759253755,100.24272871663764,0
435.9463717993642,22.466458317216155,88.40241612959481,123.14863597031159,0
109.85526887718208,17.72582707958496,36.56606473686842,145.8118008919434,0
152.05429099228692,20.22243074086316,25.692662813874627,72.0446004245419,0
499.9580426865947,8.201432699091459,25.520607409025303,138.6181772129345,0
189.2723310271668,14.231149488395797,95.26276164024863,143.43041141674902,0
426.37305392593737,5.1866323965418655,60.55363503694677,141.64205445320664,0
219.09139052336326,9.93357729043246,52.752965745361465,113.541435686191,0
149.72069637967257,19.529234302260097,84.87028648063347,112.98206544347076,0
221.58609549972704,24.83619902698727,86.86607423284129,90.32106331838227,0
461.1334659278296,6.983561991744319,46.575282649248365,125.23978823037879,0
527.8482340531428,13.029886317225765,75.48944459790363,103.12940183509319,0
515.1099322834958,21.00141937398319,81.68982526815093,117.74380712282945,0
298.5917648092274,9.080712692577977,72.37205494927636,92.84579038487954,0
434.04256828532306,16.101698986045726,32.12760598400795,123.14964640431391,0
202.49214770791048,19.661425920593494,90.07064668136456,132.44715176045491,0
246.57386513050662,17.31970900520358,63.12756421888069,64.64362566028161,0
548.1679092605599,8.760494692308322,42.597794109600294,133.2929715574228,0
106.50096175536802,12.107691373714788,54.01825483501551,104.02965317903073,0
142.75426542723403,20.675835689707945,23.00568723191259,134.46659090902244,1
203.94312757301367,16.084530282640333,30.229344097793405,93.13017063410146,0
113.26610193690986,5.104592270858255,81.24374004126886,87.9040485383035,0
190.71771754489868,20.219815200561875,20.000930780429293,141.50607325172223,0
391.5207804848461,5.706227098804781,53.32526627858337,75.11692675484014,0
310.712275296249,19.914675654624645,61.800814486847074,134.42123252861433,1
546.3358555384874,9.049611203304748,24.370753600077784,98.4020572509404,0
508.7217808692204,24.161469602387605,97.84625303778662,101.40954425512598,1
270.90867584893795,12.35881502604169,38.09002649997375,80.8468281489484,0
229.71171671564625,11.538632326761583,44.33589757090247,107.30422006190156,0
289.84620408363344,7.977761006648894,44.31540098040219,82.52111962762113,0
395.1474712574039,11.112084309804297,38.43333296938799,53.92694142416523,0
234.03182041143813,22.53301523656401,20.11790576690491,77.1998605344356,0
412.074453924567,24.926686752544946,78.34758352703972,50.63790434065907,0
304.7058260956202,12.366190610136966,97.34763998394283,147.83547870568566,0
376.0235904259901,13.97221261909085,37.94347866280361,146.57472098197474,0
318.06326456765834,19.441418764054742,73.0437753442738,89.5155297472305,1
247.23287977095885,22.72391560930149,79.3517061566972,122.8370854339646,0
574.2266534810783,16.860886683735682,87.87403032724198,84.5806098410425,0
481.80289707988044,12.830513963556587,53.81033576108873,117.1093157085976,0
170.05658788322626,13.252436816972475,44.23447245123434,130.5430043045979,0
534.2339879489564,18.912362929936137,46.02361072184249,144.6756244692241,1
343.7155991247568,5.064365272085574,77.00970664788102,90.02122758496719,0
547.2761134470456,17.391786749196815,85.34235732045089,128.32979829560477,0
499.9276279736576,12.109860208827147,34.52911742052821,76.59284506321188,0
312.6067522346167,20.883946625541686,49.67528065262122,149.03323037936485,0
111.2346541600587,6.859812796462643,92.155215739932,52.57695987643511,0
234.33867969247305,16.76404533896781,84.53548157557914,110.3528806501121,0
370.8171073304335,14.619457797722475,98.78867222099807,115.95059816513272,0
416.73910991307366,17.846510518104548,80.33986077456646,118.80455570741289,0
228.94384271660115,6.297071889659367,51.45561608223378,62.0387578789089,1
169.67803703641206,16.599675748562625,67.25102671957103,143.85297834731304,0
517.4651183996496,16.229691759190473,72.88114033978562,68.11832790500827,0
592.2010903517761,16.213201888323418,26.276465305369918,112.27534032398411,1
362.8450911513429,17.069753331929096,63.55975672830921,72.26760791230849,0
185.83964292415175,18.529358744527244,76.74566627780877,80.72164170212709,0
236.15366325968446,21.099779993615396,33.38570432008483,104.64585417281243,0
109.19533827373337,10.396414402564286,82.45053739404457,91.71934185645765,1
557.1494032802495,21.500988203601242,66.70182244112894,66.02256009765063,0
158.87554144507055,14.965113645269073,96.17774285580757,67.09364024208483,0
388.2582377571268,6.541165582686624,23.393783856551337,91.81447881627997,0
237.027610343603,6.171018584879584,41.22609100443736,125.72829782755008,0
377.0890012578967,11.684766373921216,68.12431034398593,139.79646468477887,0
425.7101941759321,20.69793954222935,43.724792976474454,58.412766225938284,0
514.8709018536008,19.153618694818313,77.15393312569938,89.3103907559401,0
203.2106358803016,20.77229929344813,80.72042260175448,60.02455637228766,0
105.49791432924025,15.345381128832187,28.201277125317958,51.65924806325979,1
168.44281503440362,13.80397995910981,61.108357136541414,116.17186826439566,0
550.0093209240525,7.9490505341256785,60.71124444728447,110.24494419665878,0
536.9450387812576,11.56385507218623,49.54246161724328,66.30191138148862,0
398.70655108515416,13.680387323477506,94.63398900557377,73.38128330930641,0
400.2584302168267,6.772008593592345,86.2005055898577,52.37077536445184,0
432.5183372731277,9.412239054224225,75.77675055277095,133.49472056944037,0
187.6856393117248,16.964505881274775,77.14613085879981,147.46905960485515,0
557.2059729624799,19.713262284783795,56.93729150504953,63.54595367946908,0
309.38526244603656,24.966950227858995,93.67956168772606,73.14752137652981,0
291.56926412474877,23.662266626871155,75.56763418026283,136.8409523946934,0
359.4588526414188,17.85130399070383,78.31848493246531,142.6463797956185,0
123.48298338752753,13.42496106588144,88.93527230298761,91.96273828068104,0
183.1416843780397,17.723547294164653,41.925727147375284,55.06224722690742,0
469.01680821318524,20.71303236160464,84.56567230933624,53.93918336928194,0
141.39933396256322,7.366723818467746,35.61924823651936,107.39498660690104,0
401.5760547331941,13.198097793925765,47.627356179591025,89.28951088931791,0
222.67455484066048,21.796045712712345,46.848836341587415,52.86524275776545,0
294.64780702098824,12.67665903866088,98.28203747113125,108.32523923125568,0
244.34686838534992,16.437445424543732,88.52297789983415,51.13025365890225,0
277.8363582324746,16.755387217243964,76.09358892722078,128.7371958149273,0
459.52295259212275,8.689525062672788,78.16454092923121,80.64328227033715,1
248.5608578115875,12.244708833045767,64.96582355220568,54.02580030092321,0
383.2023201484486,11.690225774838643,95.76725336868152,108.83522209831534,1
338.0252010995498,5.523934170641295,59.70070023058892,89.76844144330548,0
431.83558268132407,5.4838352778271044,50.441416789591564,147.38004133571496,0
568.414869662379,21.63394087351547,33.04282695452728,104.41986625037022,0
466.28604860512513,10.461416199456249,82.89645218088464,77.52391810370082,0
207.47018929537836,15.36157532477631,78.75551456604731,120.94388646339748,0
115.59156753064234,10.974511471775461,50.74840308193079,77.14920025427114,0
231.13202214991253,23.81358490230681,22.01547311673835,140.42432914075653,0
397.5389653501274,10.185935177315475,87.11978621744086,87.47219705073763,0
125.71290674212517,13.593136254778702,20.91343867632589,104.98685627762052,0
348.18312360061816,22.454605009692038,76.29598237032408,55.057310382422884,0
398.4214244584446,21.838671335836175,97.62056877808456,92.61212379522308,0
267.1219454084804,8.722028356925547,55.01290625185628,133.2363539660995,1
485.45610187291095,21.05286619591421,38.79787239967622,130.5648805363342,0
153.2991265668859,14.163737734757852,76.38968080347054,72.43185588535263,0
137.56889086790437,14.659377441707104,85.37025136124682,72.60790710105627,0
464.0943781018017,7.669599448318875,63.71442528622779,131.73053122132367,0
347.74565810309923,6.612030275142493,97.36282202049169,143.03984201693254,0
444.201198213868,19.558786139475302,24.13349773263689,59.53609212730036,0
317.41366930187314,14.929223047105996,60.38364786436225,95.00586394262253,0
223.2010166195534,13.737014052303591,77.476315785804,83.7454278964229,0
509.5511588370999,19.590164573047936,89.01123769193431,137.06884554574395,0
499.7079394844896,20.310257979822197,34.340448952623206,58.35249146800187,1
447.34823542721335,8.17816335338707,84.00027854109452,71.11259425580374,0
236.07256861498135,17.204502989552825,64.21656605748362,125.24683375864943,0
395.1153334345436,7.707081645553711,51.724294559197055,55.12938489812156,0
280.48694847001343,20.027501720580915,30.537202286327485,99.25353807142892,0
145.79103666331707,18.139103125342793,89.223660712713,94.210703467972,0
558.6567877311213,24.13229242166916,32.581856654377226,83.44011789887486,0
168.4093154594807,6.379160327128424,44.78302873672794,89.45723153189238,0
575.1186769104013,6.141094423025086,43.20364255699495,102.99405869302329,0
323.00288647897787,10.643741493864002,89.71312273526834,66.13673583883832,0
